city,division,description,link,House No.,Flat No.,Area,Price per month,Number of rooms ,Floor,No. of floors,Build year,Building type,Heating system,energy_class,Nearest kindergarten,Nearest educational institution,Nearest shop,Public transport stop
,,,,,,,,,,,,,,,,,,
Vilnius,Žvėrynas,"Vilnius, Žvėrynas, Lūšių g., 4 rooms flat for rent",https://en.aruodas.lt/butu-nuoma-vilniuje-zveryne-lusiu-g-nuomojamas-4-kambariu-90-kvm-butas-zveryne-4-1100225/,25,19,90 m²,850 €,4,3,4,2003,Brick,Gas,,290 m,350 m,340 m,290 m
Vilnius,Naujamiestis,"Vilnius, Naujamiestis, Savanorių pr., 2 rooms flat for rent",https://en.aruodas.lt/butu-nuoma-vilniuje-naujamiestyje-savanoriu-pr-isnuomojamas-2-kambariu-butas-su-vilniaus-4-1093623/,1,,90 m²,1 000 €,2,8,27,2007,Monolithic,"Central, central thermostat",1 Class Good (1-3),240 m,180 m,460 m,80 m
Vilnius,Šnipiškės,"Vilnius, Šnipiškės, Juozo Balčikonio g., 1 room flat for rent",https://en.aruodas.lt/butu-nuoma-vilniuje-snipiskese-juozo-balcikonio-g-atsilaisvina-nuo-spalio-27-d-kvieciame-4-1006669/,19,,36 m²,530 €,1,3,5,2020,Brick,Central thermostat,,270 m,880 m,520 m,380 m
Vilnius,Šnipiškės,"Vilnius, Šnipiškės, Juozo Balčikonio g., 1 room flat for rent",https://en.aruodas.lt/butu-nuoma-vilniuje-snipiskese-juozo-balcikonio-g-atsilaisvina-nuo-lapkricio-11-d-4-1006673/,19,,24 m²,450 €,1,3,5,2020,Brick,Central thermostat,,270 m,880 m,520 m,380 m
Vilnius,Šnipiškės,"Vilnius, Šnipiškės, Juozo Balčikonio g., 1 room flat for rent",https://en.aruodas.lt/butu-nuoma-vilniuje-snipiskese-juozo-balcikonio-g-laisvas-nuo-lapkricio-12-d-kvieciame-4-1006679/,19,,29 m²,480 €,1,3,5,2020,Brick,Central thermostat,,270 m,880 m,520 m,380 m
Vilnius,Šnipiškės,"Vilnius, Šnipiškės, Kalvarijų g., 1 room flat for rent",https://en.aruodas.lt/butu-nuoma-vilniuje-snipiskese-kalvariju-g-isnuomojamas-kapitaliai-suremontuotas-butas-4-1031223/,57A,,32 m²,450 €,1,2,5,1975,Brick,Central,1 Class Good (1-3),130 m,300 m,110 m,130 m
Vilnius,Šnipiškės,"Vilnius, Šnipiškės, Konstitucijos pr., 2 rooms flat for rent",https://en.aruodas.lt/butu-nuoma-vilniuje-snipiskese-konstitucijos-pr-isnuomojamas-naujutelis-butas-tower-name-4-1067297/,15,,"53,84 m²",900 €,2,5,29,2019,Monolithic,"Electric, central thermostat",1 Class Good (1-3),330 m,150 m,250 m,120 m
Vilnius,Naujamiestis,"Vilnius, Naujamiestis, Smolensko g., 1 room flat for rent",https://en.aruodas.lt/butu-nuoma-vilniuje-naujamiestyje-smolensko-g-chapters-co-living-naujas-busto-nuomos-4-1084905/,12,,17 m²,445 €,1,2,4,2021,Brick,Central,,130 m,70 m,140 m,230 m
Vilnius,Senamiestis,"Vilnius, Senamiestis, Žemaitijos g., 2 rooms flat for rent",https://en.aruodas.lt/butu-nuoma-vilniuje-senamiestyje-zemaitijos-g-zemaitijos-g-randasi-paciame-vilniaus-4-1105405/,5,6,38 m²,570 €,2,1,4,1860,Brick,Gas,,90 m,240 m,90 m,120 m
Vilnius,Naujamiestis,"Vilnius, Naujamiestis, Eglių g., 3 rooms flat for rent",https://en.aruodas.lt/butu-nuoma-vilniuje-naujamiestyje-egliu-g-isnuomojamas-kokybiskai-irengtas-butas-4-525576/,,,70 m²,599 €,3,5,6,1994,Brick,Central,,260 m,300 m,360 m,400 m
Vilnius,Senamiestis,"Vilnius, Senamiestis, Žygimantų g., 1 room flat for rent",https://en.aruodas.lt/butu-nuoma-vilniuje-senamiestyje-zygimantu-g-last-2-apartments-for-september-april-4-1017813/,11,,20 m²,699 €,1,4,5,"1899 construction, 2020 renovation",Brick,"Central, electric",1 Class Good (1-3),440 m,190 m,290 m,250 m
Vilnius,Senamiestis,"Vilnius, Senamiestis, Naugarduko g., 3 rooms flat for rent",https://en.aruodas.lt/butu-nuoma-vilniuje-senamiestyje-naugarduko-g-jaukus-naujas-butas-naujame-pastate-vilniaus-4-982095/,2A,,55 m²,1 700 €,3,2,5,2019,Brick,Central,,180 m,250 m,70 m,130 m
Vilnius,Senamiestis,"Vilnius, Senamiestis, Universiteto g., 1 room flat for rent",https://en.aruodas.lt/butu-nuoma-vilniuje-senamiestyje-universiteto-g-jaukus-naujas-studio-butas-naujai-4-982131/,2,,28 m²,745 €,1,3,3,"1800 construction, 2019 renovation",Brick,Central,1 Class Good (1-3),410 m,120 m,240 m,240 m
Vilnius,Senamiestis,"Vilnius, Senamiestis, Universiteto g., 2 rooms flat for rent",https://en.aruodas.lt/butu-nuoma-vilniuje-senamiestyje-universiteto-g-jaukus-naujas-dvieju-kambariu-butas-naujai-4-982139/,2,,51 m²,890 €,2,3,3,"1800 construction, 2018 renovation",Brick,Central,1 Class Good (1-3),410 m,120 m,240 m,240 m
Vilnius,Senamiestis,"Vilnius, Senamiestis, Liejyklos g., 4 rooms flat for rent",https://en.aruodas.lt/butu-nuoma-vilniuje-senamiestyje-liejyklos-g-isnuomoju-naujai-suremontuota-4-kambariu-3-4-688899/,4,,72 m²,1 700 €,4,1,2,1940,Brick,Other,,190 m,180 m,280 m,280 m
Vilnius,Senamiestis,"Vilnius, Senamiestis, Liejyklos g., 3 rooms flat for rent",https://en.aruodas.lt/butu-nuoma-vilniuje-senamiestyje-liejyklos-g-isnuomoju-naujai-suremontuota-3-kambariu-2-4-726643/,4,,60 m²,1 350 €,3,1,2,1940,Brick,Electric,,190 m,180 m,280 m,280 m
Vilnius,Senamiestis,"Vilnius, Senamiestis, Pylimo g., 4 rooms flat for rent",https://en.aruodas.lt/butu-nuoma-vilniuje-senamiestyje-pylimo-g-naujas-skoningai-irengtas-butas-senamiestyje-4-977007/,36,4b,"52,54 m²",1 700 €,4,4,4,1968,Brick,Other,1 Class Good (1-3),140 m,240 m,80 m,90 m
Vilnius,Senamiestis,"Vilnius, Senamiestis, Pylimo g., 3 rooms flat for rent",https://en.aruodas.lt/butu-nuoma-vilniuje-senamiestyje-pylimo-g-naujas-skoningai-irengtas-butas-2017m-4-976667/,36,,"55,2 m²",1 350 €,3,4,4,"1958 construction, 2017 renovation",Brick,Electric,1 Class Good (1-3),140 m,240 m,80 m,90 m
Vilnius,Senamiestis,"Vilnius, Senamiestis, Žemaitijos g., 3 rooms flat for rent",https://en.aruodas.lt/butu-nuoma-vilniuje-senamiestyje-zemaitijos-g-butas-ka-tik-po-remonto-2-miegamieji-4-1053727/,3,,60 m²,1 350 €,3,3,4,1900,Brick,"Electric, other",,90 m,250 m,80 m,120 m
Vilnius,Senamiestis,"Vilnius, Senamiestis, Didžioji g., 3 rooms flat for rent",https://en.aruodas.lt/butu-nuoma-vilniuje-senamiestyje-didzioji-g-nuomoju-naujai-suremontuota-ir-skoningai-4-619201/,11,,58 m²,1 350 €,3,2,4,2016,Brick,Central,1 Class Good (1-3),430 m,190 m,180 m,200 m
Vilnius,Senamiestis,"Vilnius, Senamiestis, Aušros Vartų g., Room rent",https://en.aruodas.lt/butu-nuoma-vilniuje-senamiestyje-ausros-vartu-g-visi-komunaliniai-mokesciai-sildymas-4-1027829/,29,,16 m²,400 €,1,2,4,1940,Brick,Gas,,480 m,140 m,260 m,150 m
Vilnius,Senamiestis,"Vilnius, Senamiestis, Didžioji g., 4 rooms flat for rent",https://en.aruodas.lt/butu-nuoma-vilniuje-senamiestyje-didzioji-g-puikiai-irengtas-butas-is-seimininko-ranku-4-477750/,39,,109 m²,1 950 €,4,4,4,"1940 construction, 2000 renovation",Brick,Central,1 Class Good (1-3),450 m,40 m,140 m,110 m
Vilnius,Senamiestis,"Vilnius, Senamiestis, Klaipėdos g., 3 rooms flat for rent",https://en.aruodas.lt/butu-nuoma-vilniuje-senamiestyje-klaipedos-g-itin-jaukus-ir-grazus-butas-senamiestyje-4-980491/,7,,50 m²,1 350 €,3,2,3,1940,Brick,"Central, gas",,100 m,200 m,240 m,120 m
Vilnius,Senamiestis,"Vilnius, Senamiestis, Bokšto g., 3 rooms flat for rent",https://en.aruodas.lt/butu-nuoma-vilniuje-senamiestyje-boksto-g-jaukus-grazus-butas-senamiestyje-su-balkonu-4-978589/,8,,63 m²,1 250 €,3,2,3,1940,Brick,Central,,480 m,40 m,220 m,110 m
Vilnius,Senamiestis,"Vilnius, Senamiestis, Liejyklos g., 4 rooms flat for rent",https://en.aruodas.lt/butu-nuoma-vilniuje-senamiestyje-liejyklos-g-jaukus-butas-senamiescio-sirdyje-su-langais-i-4-976969/,4,,55 m²,1 700 €,4,1,2,1940,Brick,Gas,,190 m,180 m,280 m,280 m
,,,,,,,,,,,,,,,,,,
Vilnius,Senamiestis,"Vilnius, Senamiestis, Pylimo g., 4 rooms flat for rent",https://en.aruodas.lt/butu-nuoma-vilniuje-senamiestyje-pylimo-g-jaukiai-ir-skoningai-irengtas-butas-2017m-4-976669/,36,,"66,36 m²",1 350 €,4,2,4,"1958 construction, 2017 renovation",Brick,"Central, gas",1 Class Good (1-3),140 m,240 m,80 m,90 m
Vilnius,Senamiestis,"Vilnius, Senamiestis, Stiklių g., 3 rooms flat for rent",https://en.aruodas.lt/butu-nuoma-vilniuje-senamiestyje-stikliu-g-jaukus-grazus-butas-senamiescio-sirdyje-4-980485/,4,3,55 m²,1 350 €,3,2,3,1900,Brick,Central,,350 m,210 m,160 m,140 m
Vilnius,Senamiestis,"Vilnius, Senamiestis, Didžioji g., 3 rooms flat for rent",https://en.aruodas.lt/butu-nuoma-vilniuje-senamiestyje-didzioji-g-nuomoju-naujai-suremontuota-ir-skoningai-4-619203/,11,,56 m²,1 450 €,3,2,4,2016,Brick,Central,1 Class Good (1-3),430 m,190 m,180 m,200 m
Vilnius,Šnipiškės,"Vilnius, Šnipiškės, Jeronimo Ralio g., 2 rooms flat for rent",https://en.aruodas.lt/butu-nuoma-vilniuje-snipiskese-jeronimo-ralio-g-li-apartamentai-tai-apartamentu-4-1019511/,6,,35 m²,600 €,2,3,5,2020,Brick,Central thermostat,,690 m,560 m,310 m,230 m
Vilnius,Senamiestis,"Vilnius, Senamiestis, Dominikonų g., 3 rooms flat for rent",https://en.aruodas.lt/butu-nuoma-vilniuje-senamiestyje-dominikonu-g-senatoriu-pasazas-apartments-join-the-4-1076081/,11,,74 m²,1 300 €,3,3,3,"2021 construction, 2021 renovation",Brick,Central,,350 m,190 m,170 m,180 m
Vilnius,Naujamiestis,"Vilnius, Naujamiestis, Kauno g., 1 room flat for rent",https://en.aruodas.lt/butu-nuoma-vilniuje-naujamiestyje-kauno-g-vilnius-naujamiestis-kauno-g-1-kambario-4-1037405/,14,,19 m²,550 €,1,2,5,2012,Other,Central,,270 m,340 m,100 m,130 m
Vilnius,Pilaitė,"Vilnius, Pilaitė, I. Kanto al., 3 rooms flat for rent",https://en.aruodas.lt/butu-nuoma-vilniuje-pilaiteje-i-kanto-al-isnuomojamas-tvarkingas-triju-kambariu-butas-4-1105383/,,,69 m²,400 €,3,5,9,1995,Block house,Central,1 Class Good (1-3),360 m,100 m,170 m,270 m
Vilnius,Pašilaičiai,"Vilnius, Pašilaičiai, Budiniškių g., 1 room flat for rent",https://en.aruodas.lt/butu-nuoma-vilniuje-pasilaiciuose-budiniskiu-g-isnuomojamas-ka-tik-irengtas-vieno-kambario-4-1105427/,,,29 m²,390 €,1,2,5,2020,Brick,Central thermostat,,230 m,520 m,330 m,340 m
Vilnius,Žirmūnai,"Vilnius, Žirmūnai, Apkasų g., 2 rooms flat for rent",https://en.aruodas.lt/butu-nuoma-vilniuje-zirmunuose-apkasu-g-erdviu-butu-2-atskiru-kambariu-butu-nuoma-4-1106059/,,,51 m²,450 €,2,4,5,1996,Brick,Central,,230 m,350 m,200 m,240 m
Vilnius,Žirmūnai,"Vilnius, Žirmūnai, Kareivių g., 2 rooms flat for rent",https://en.aruodas.lt/butu-nuoma-vilniuje-zirmunuose-kareiviu-g-priimami-nomininkai-su-gyvunais-4-1105363/,,,58 m²,500 €,2,8,16,2008,Monolithic,Central thermostat,1 Class Good (1-3),240 m,240 m,140 m,90 m
Vilnius,Šiaurės miestelis,"Vilnius, Šiaurės miestelis, Verkių g., 2 rooms flat for rent",https://en.aruodas.lt/butu-nuoma-vilniuje-siaures-miestelyje-verkiu-g-draugiskas-gyvunams-sviesus-dvieju-kambariu-4-1105913/,23,,48 m²,450 €,2,6,7,2009,Brick,Central thermostat,1 Class Good (1-3),190 m,90 m,80 m,110 m
Vilnius,Lazdynai,"Vilnius, Lazdynai, Erfurto g., 1 room flat for rent",https://en.aruodas.lt/butu-nuoma-vilniuje-lazdynuose-erfurto-g-nuomojamas-vieno-kambario-butas-lazdynuose-4-1105893/,33,,33 m²,300 €,1,9,9,1971,Brick,Central,1 Class Good (1-3),150 m,360 m,80 m,50 m
Vilnius,Justiniškės,"Vilnius, Justiniškės, Taikos g., 2 rooms flat for rent",https://en.aruodas.lt/butu-nuoma-vilniuje-justiniskese-taikos-g-ilgam-laikui-isnuomojamas-naujai-4-1105149/,,,"36,47 m²",550 €,2,5,9,1984,Block house,Central,1 Class Good (1-3),350 m,430 m,280 m,190 m
Vilnius,Pašilaičiai,"Vilnius, Pašilaičiai, Gabijos g., 2 rooms flat for rent",https://en.aruodas.lt/butu-nuoma-vilniuje-pasilaiciuose-gabijos-g-siuolaikiskai-ir-moderniai-irengtas-butas-4-1097895/,51,,"35,47 m²",480 €,2,3,5,1987,Block house,Central,1 Class Good (1-3),130 m,420 m,110 m,280 m
Vilnius,Senamiestis,"Vilnius, Senamiestis, Gedimino pr., 2 rooms flat for rent",https://en.aruodas.lt/butu-nuoma-vilniuje-senamiestyje-gedimino-pr-isnuomojamas-stilingai-irengtas-isskirtinio-4-956117/,20,,45 m²,600 €,2,6,6,"1940 construction, 2009 renovation",Brick,Central thermostat,1 Class Good (1-3),200 m,370 m,40 m,90 m
Vilnius,Šnipiškės,"Vilnius, Šnipiškės, Linkmenų g., 2 rooms flat for rent",https://en.aruodas.lt/butu-nuoma-vilniuje-snipiskese-linkmenu-g-ka-tik-irengtas-sviesus-butas-naujos-statybos-4-1104183/,33A,,"43,16 m²",750 €,2,7,7,2021,Brick,Central thermostat,,670 m,450 m,490 m,510 m
Vilnius,Naujamiestis,"Vilnius, Naujamiestis, Vinco Kudirkos g., 2 rooms flat for rent",https://en.aruodas.lt/butu-nuoma-vilniuje-naujamiestyje-vinco-kudirkos-g-prestizineje-miesto-vietoje-isnuomojamas-4-1097791/,,,55 m²,639 €,2,2,5,1955,Brick,"Central, electric",,120 m,270 m,500 m,240 m
Vilnius,Senamiestis,"Vilnius, Senamiestis, Gaono g., 2 rooms flat for rent",https://en.aruodas.lt/butu-nuoma-vilniuje-senamiestyje-gaono-g-pacioje-senamiescio-sirdyje-prie-pat-4-1105817/,,,"42,61 m²",500 €,2,1,3,"1940 construction, 2010 renovation",Brick,Central thermostat,1 Class Good (1-3),380 m,250 m,170 m,220 m
Vilnius,Pilaitė,"Vilnius, Pilaitė, Tolminkiemio g., 2 rooms flat for rent",https://en.aruodas.lt/butu-nuoma-vilniuje-pilaiteje-tolminkiemio-g-tvarkinga-priziurima-laiptine-draugiski-ir-4-1106065/,,,56 m²,500 €,2,3,5,1998,Block house,Central,,330 m,90 m,210 m,300 m
Vilnius,Žirmūnai,"Vilnius, Žirmūnai, Juozo Balčikonio g., 1 room flat for rent",https://en.aruodas.lt/butu-nuoma-vilniuje-zirmunuose-juozo-balcikonio-g-strategiskai-patogioje-vietoje-juozo-4-1058687/,,,37 m²,550 €,1,3,5,2012,Brick,Central thermostat,,140 m,420 m,260 m,290 m
Vilnius,Užupis,"Vilnius, Užupis, Polocko g., 2 rooms flat for rent",https://en.aruodas.lt/butu-nuoma-vilniuje-uzupyje-polocko-g-stilingi-dvieju-kambariu-apartamentai-naujame-4-1102063/,,,55 m²,800 €,2,2,3,2017,Brick,"Aerothermal, other, central thermostat, central",,360 m,210 m,270 m,40 m
Vilnius,Senamiestis,"Vilnius, Senamiestis, Trakų g., 2 rooms flat for rent",https://en.aruodas.lt/butu-nuoma-vilniuje-senamiestyje-traku-g-stilingas-ir-jaukus-butukas-4-1104727/,11,,47 m²,650 €,2,3,3,1946,Brick,Central thermostat,1 Class Good (1-3),50 m,110 m,170 m,130 m
Vilnius,Senamiestis,"Vilnius, Senamiestis, Kauno g., 3 rooms flat for rent",https://en.aruodas.lt/butu-nuoma-vilniuje-senamiestyje-kauno-g-stunning-spacious-and-full-of-light-122-sqm-4-1101497/,6,,122 m²,1 500 €,3,2,3,1940,Brick,Central,1 Class Good (1-3),130 m,220 m,80 m,40 m
Vilnius,Justiniškės,"Vilnius, Justiniškės, Taikos g., 2 rooms flat for rent",https://en.aruodas.lt/butu-nuoma-vilniuje-justiniskese-taikos-g-nuomojamas-ka-tik-skoningai-ir-pilnai-4-1103933/,157B,,47 m²,570 €,2,4,4,2021,Brick,Central thermostat,,170 m,130 m,220 m,90 m
Vilnius,Bajorai,"Vilnius, Bajorai, Mykolo Lietuvio g., 3 rooms flat for rent",https://en.aruodas.lt/butu-nuoma-vilniuje-bajoruose-mykolo-lietuvio-g-sviesus-ir-siltas-3-kambariu-butas-naujos-4-1104859/,,,66 m²,700 €,3,3,3,2017,Block house,Gas,,310 m,"1,3 km","1,1 km",690 m
,,,,,,,,,,,,,,,,,,
Vilnius,Bajorai,"Vilnius, Bajorai, Mykolo Lietuvio g., 3 rooms flat for rent",https://en.aruodas.lt/butu-nuoma-vilniuje-bajoruose-mykolo-lietuvio-g-sviesus-ir-siltas-3-kambariu-butas-naujos-4-1104859/,,,66 m²,700 €,3,3,3,2017,Block house,Gas,,310 m,"1,3 km","1,1 km",690 m
Vilnius,Naujoji Vilnia,"Vilnius, Naujoji Vilnia, Pramonės g., 1 room flat for rent",https://en.aruodas.lt/butu-nuoma-vilniuje-naujojoje-vilnioje-pramones-g-geras-pasiulymas-gera-kaina-nuomojamas-4-1099971/,141,,20 m²,220 €,1,5,5,1976,Brick,"Electric, central thermostat",,1 km,"1,2 km","1,2 km",170 m
Vilnius,Naujamiestis,"Vilnius, Naujamiestis, Savanorių pr., 2 rooms flat for rent",https://en.aruodas.lt/butu-nuoma-vilniuje-naujamiestyje-savanoriu-pr-nuomojamas-isskirtinis-butas-su-nuostabiu-4-1105915/,,,48 m²,850 €,2,10,11,2010,Brick,Central thermostat,,390 m,290 m,250 m,40 m
Vilnius,Balsiai,"Vilnius, Balsiai, Ragės g., 1 room flat for rent",https://en.aruodas.lt/butu-nuoma-vilniuje-balsiuose-rages-g-vilniuje-balsiu-mikrorajone-prie-santariskiu-4-1103389/,,,30 m²,279 €,1,1,2,2007,Brick,Gas,,410 m,470 m,1 km,70 m
Vilnius,Santariškės,"Vilnius, Santariškės, Santariškių g., 2 rooms flat for rent",https://en.aruodas.lt/butu-nuoma-vilniuje-santariskese-santariskiu-g-nuomojamas-jaukus-2-kambariu-butas-esantis-4-1106091/,59,,42 m²,450 €,2,3,3,2009,Brick,Central,1 Class Good (1-3),540 m,"1,1 km",460 m,150 m
Vilnius,Naujamiestis,"Vilnius, Naujamiestis, Sodų g., 2 rooms flat for rent",https://en.aruodas.lt/butu-nuoma-vilniuje-naujamiestyje-sodu-g-nuomojamas-modernus-2-kambariu-butas-sodu-g-4-1106057/,,,55 m²,699 €,2,3,3,1955,Brick,"Electric, gas",,,,,
Vilnius,Žirmūnai,"Vilnius, Žirmūnai, Šeimyniškių g., 1 room flat for rent",https://en.aruodas.lt/butu-nuoma-vilniuje-zirmunuose-seimyniskiu-g-nuomojamas-labai-tvarkingas-jaukus-ir-siltas-4-1100953/,,,33 m²,350 €,1,2,5,1970,Block house,Central,,270 m,330 m,270 m,30 m
Vilnius,Senamiestis,"Vilnius, Senamiestis, Pamėnkalnio g., 2 rooms flat for rent",https://en.aruodas.lt/butu-nuoma-vilniuje-senamiestyje-pamenkalnio-g-isnuomojamas-prabangus-ir-isskirtinis-butas-4-1102313/,2,,45 m²,500 €,2,2,3,"1940 construction, 2020 renovation",Brick,"Solid fuel, other",1 Class Good (1-3),130 m,370 m,160 m,30 m
Vilnius,Naujamiestis,"Vilnius, Naujamiestis, Kauno g., 2 rooms flat for rent",https://en.aruodas.lt/butu-nuoma-vilniuje-naujamiestyje-kauno-g-pilnai-irengtas-loftas-naujamiestyje-4-1105987/,,,25 m²,350 €,2,3,4,2016,Brick,Electric,,460 m,270 m,110 m,70 m
Vilnius,Senamiestis,"Vilnius, Senamiestis, Lydos g., 2 rooms flat for rent",https://en.aruodas.lt/butu-nuoma-vilniuje-senamiestyje-lydos-g-zavingoje-vilniaus-senamiescio-dalyje-4-1103549/,4,,50 m²,1 300 €,2,3,4,2018,Brick,Central thermostat,,110 m,320 m,50 m,100 m
Vilnius,Jeruzalė,"Vilnius, Jeruzalė, Ateities g., 1 room flat for rent",https://en.aruodas.lt/butu-nuoma-vilniuje-jeruzaleje-ateities-g-galima-su-mazais-gyvunais-nuomojamas-1-4-1105365/,,,42 m²,350 €,1,2,5,1974,Brick,Central,,100 m,610 m,160 m,10 m
Vilnius,Šnipiškės,"Vilnius, Šnipiškės, Šeimyniškių g., 2 rooms flat for rent",https://en.aruodas.lt/butu-nuoma-vilniuje-snipiskese-seimyniskiu-g-nuomojamas-dvieju-kambariu-butas-snipiskese-4-1103067/,19A,,"32,96 m²",650 €,2,5,7,2020,Brick,Central thermostat,,320 m,450 m,120 m,180 m
Vilnius,Šeškinė,"Vilnius, Šeškinė, Čiobiškio g., 2 rooms flat for rent",https://en.aruodas.lt/butu-nuoma-vilniuje-seskineje-ciobiskio-g-nuomojamas-jaukus-bei-tvarkingas-dvieju-4-1105881/,,,50 m²,450 €,2,3,9,1989,Monolithic,Central,,210 m,220 m,410 m,370 m
Vilnius,Naujoji Vilnia,"Vilnius, Naujoji Vilnia, Dūmų g., 1 room flat for rent",https://en.aruodas.lt/butu-nuoma-vilniuje-naujojoje-vilnioje-dumu-g-galima-su-gyvunais-studio-tipo-butas-4-1105361/,,,18 m²,220 €,1,3,3,1989,Brick,Electric,,800 m,950 m,410 m,80 m
Vilnius,Senamiestis,"Vilnius, Senamiestis, Šv. Ignoto g., 4 rooms flat for rent",https://en.aruodas.lt/butu-nuoma-vilniuje-senamiestyje-sv-ignoto-g-nuomojamas-prabangus-ir-erdvus-165-kv-m-4-1014343/,5,,165 m²,2 400 €,4,3,4,"1940 construction, 2010 renovation",Brick,Central thermostat,,250 m,180 m,310 m,240 m
Vilnius,Naujininkai,"Vilnius, Naujininkai, Vandentiekio g., 2 rooms flat for rent",https://en.aruodas.lt/butu-nuoma-vilniuje-naujininkuose-vandentiekio-g-isnuomuojamas-2-kambariu-butas-vandentiekio-4-1106087/,,,41 m²,380 €,2,3,4,1960,Brick,Central,,150 m,200 m,230 m,100 m
Vilnius,Pašilaičiai,"Vilnius, Pašilaičiai, Eitminų g., 1 room flat for rent",https://en.aruodas.lt/butu-nuoma-vilniuje-pasilaiciuose-eitminu-g-isnuomojamas-vieno-kambario-butas-su-visais-4-1106103/,20,,34 m²,350 €,1,4,9,2012,Brick,Central thermostat,1 Class Good (1-3),100 m,970 m,220 m,100 m
Vilnius,Užupis,"Vilnius, Užupis, Užupio g., 2 rooms flat for rent",https://en.aruodas.lt/butu-nuoma-vilniuje-uzupyje-uzupio-g-isnuomojamas-visiskai-irengtas-2-kambariu-4-1106089/,19,28,41 m²,550 €,2,1,4,1940,Brick,Gas,,0 m,340 m,260 m,180 m
Vilnius,Žvėrynas,"Vilnius, Žvėrynas, Sėlių g., 2 rooms flat for rent",https://en.aruodas.lt/butu-nuoma-vilniuje-zveryne-seliu-g-isnuomojamas-jaukus-40-kvm-2-kambariu-butas-4-216249/,13,,40 m²,599 €,2,4,5,2005,Brick,Electric,,280 m,150 m,380 m,230 m
Vilnius,Pašilaičiai,"Vilnius, Pašilaičiai, Žemynos g., 3 rooms flat for rent",https://en.aruodas.lt/butu-nuoma-vilniuje-pasilaiciuose-zemynos-g-kitoje-gatves-puseje-iki-parduotuve-4-1105979/,,,64 m²,500 €,3,3,3,1987,Block house,Central,1 Class Good (1-3),160 m,330 m,130 m,380 m
Vilnius,Paupys,"Vilnius, Paupys, Aukštaičių g., 1 room flat for rent",https://en.aruodas.lt/butu-nuoma-vilniuje-paupyje-aukstaiciu-g-isnuomuojamas-dar-negyventas-ka-tik-irengtas-4-1105649/,19,,"34,39 m²",700 €,1,1,4,2019,Brick,Central thermostat,,620 m,480 m,330 m,90 m
Vilnius,Pašilaičiai,"Vilnius, Pašilaičiai, Gabijos g., 3 rooms flat for rent",https://en.aruodas.lt/butu-nuoma-vilniuje-pasilaiciuose-gabijos-g-nuomojamas-3-kambariu-butas-gabijos-g-40-4-1106019/,40,,"62,3 m²",550 €,3,7,7,2014,Block house,Central,1 Class Good (1-3),40 m,480 m,110 m,230 m
Vilnius,Salininkai,"Vilnius, Salininkai, 3 rooms flat for rent",https://en.aruodas.lt/butu-nuoma-vilniuje-salininkuose-isnuomojamas-tvarkingas-3-kambariu-butas-4-1106005/,,,64 m²,450 €,3,2,5,1987,Block house,Central,,230 m,620 m,140 m,70 m
Vilnius,Žemieji Paneriai,"Vilnius, Žemieji Paneriai, Vaduvos g., 1 room flat for rent",https://en.aruodas.lt/butu-nuoma-vilniuje-zemuosiuose-paneriuose-vaduvos-g-ilgalaike-nuoma-nuo-vieneriu-metu-ir-ilgiau-4-1105935/,29,,"36,6 m²",300 €,1,3,5,1985,Block house,Central thermostat,1 Class Good (1-3),"2,1 km",260 m,320 m,340 m
Vilnius,Naujamiestis,"Vilnius, Naujamiestis, Tauro g., 2 rooms flat for rent",https://en.aruodas.lt/butu-nuoma-vilniuje-naujamiestyje-tauro-g-nuomuojamas-2-kambariu-butas-strategiskai-4-1105897/,12,,"47,81 m²",700 €,2,5,5,"1941 construction, 2021 renovation",Brick,Gas,,370 m,320 m,300 m,240 m
,,,,,,,,,,,,,,,,,,
Vilnius,Naujamiestis,"Vilnius, Naujamiestis, Tauro g., 2 rooms flat for rent",https://en.aruodas.lt/butu-nuoma-vilniuje-naujamiestyje-tauro-g-nuomuojamas-2-kambariu-butas-strategiskai-4-1105897/,12,,"47,81 m²",700 €,2,5,5,"1941 construction, 2021 renovation",Brick,Gas,,370 m,320 m,300 m,240 m
Vilnius,Senamiestis,"Vilnius, Senamiestis, Plačioji g., 3 rooms flat for rent",https://en.aruodas.lt/butu-nuoma-vilniuje-senamiestyje-placioji-g-vilniaus-senamiestyje-placiojoje-gatveje-nuo-4-981037/,4,,56 m²,780 €,3,1,4,2020,Brick,Central thermostat,,220 m,70 m,100 m,120 m
Vilnius,Pilaitė,"Vilnius, Pilaitė, Vydūno g., 2 rooms flat for rent",https://en.aruodas.lt/butu-nuoma-vilniuje-pilaiteje-vyduno-g-isnuomojamas-2-k-butas-pilaiteje-4-1105867/,7,,"50,46 m²",340 €,2,3,9,1991,Block house,Central,1 Class Good (1-3),150 m,290 m,190 m,120 m
Vilnius,Šnipiškės,"Vilnius, Šnipiškės, A. Juozapavičiaus g., 3 rooms flat for rent",https://en.aruodas.lt/butu-nuoma-vilniuje-snipiskese-a-juozapaviciaus-g-nuo-lapkricio-20-d-isnuomojamas-geras-3-4-947157/,9A,,78 m²,850 €,3,2,9,2008,Brick,Central thermostat,1 Class Good (1-3),280 m,130 m,270 m,280 m
Vilnius,Senamiestis,"Vilnius, Senamiestis, Pilies g., 3 rooms flat for rent",https://en.aruodas.lt/butu-nuoma-vilniuje-senamiestyje-pilies-g-jaukus-bei-ramus-kas-yra-reta-pacioje-4-1105827/,17,,60 m²,750 €,3,2,2,"1960 construction, 2010 renovation",Brick,Central,1 Class Good (1-3),630 m,150 m,20 m,210 m
Vilnius,Šnipiškės,"Vilnius, Šnipiškės, Daugėliškio g., 2 rooms flat for rent",https://en.aruodas.lt/butu-nuoma-vilniuje-snipiskese-daugeliskio-g-nuomojamas-2k-butas-snipiskese-nuomojamas-4-1105815/,,,38 m²,250 €,2,1,1,1985,Wooden house,Solid fuel,,470 m,200 m,560 m,190 m
Vilnius,Santariškės,"Vilnius, Santariškės, J. Franko g., 2 rooms flat for rent",https://en.aruodas.lt/butu-nuoma-vilniuje-santariskese-j-franko-g-2006-ais-metais-su-dizaineres-pagalba-4-1083489/,14,,63 m²,600 €,2,2,3,2006,Brick,Central thermostat,1 Class Good (1-3),260 m,660 m,160 m,330 m
Vilnius,Naujininkai,"Vilnius, Naujininkai, Prūsų g., 2 rooms flat for rent",https://en.aruodas.lt/butu-nuoma-vilniuje-naujininkuose-prusu-g-sveiki-isnuomojamas-sviesus-2-kambariu-4-1105801/,12,,"33,3 m²",430 €,2,5,5,1985,Brick,Central,1 Class Good (1-3),260 m,200 m,320 m,160 m
Vilnius,Senamiestis,"Vilnius, Senamiestis, Žemaitijos g., 1 room flat for rent",https://en.aruodas.lt/butu-nuoma-vilniuje-senamiestyje-zemaitijos-g-jaukus-ir-siltas-vieno-kambario-butas-4-1105799/,8,,30 m²,420 €,1,1,3,1988,Brick,Central,1 Class Good (1-3),70 m,260 m,100 m,140 m
Vilnius,Šnipiškės,"Vilnius, Šnipiškės, Kalvarijų g., 1 room flat for rent",https://en.aruodas.lt/butu-nuoma-vilniuje-snipiskese-kalvariju-g-nuomojamas-kambarys-kalvariju-g-200-4-1105797/,200,,24 m²,199 €,1,12,12,1985,Brick,Central,1 Class Good (1-3),110 m,270 m,260 m,220 m
Vilnius,Šnipiškės,"Vilnius, Šnipiškės, Rinktinės g., 2 rooms flat for rent",https://en.aruodas.lt/butu-nuoma-vilniuje-snipiskese-rinktines-g-ilgalaikei-nuomai-ne-maziau-kaip-vieneriems-4-1105789/,,,"42,09 m²",680 €,2,6,9,2021,Brick,Central,,310 m,260 m,310 m,40 m
Vilnius,Senamiestis,"Vilnius, Senamiestis, Savičiaus g., 2 rooms flat for rent",https://en.aruodas.lt/butu-nuoma-vilniuje-senamiestyje-saviciaus-g-vos-30-metru-nuo-rotuses-aikstes-labai-4-1105783/,9,,50 m²,600 €,2,3,4,1940,Brick,Gas,,510 m,90 m,140 m,170 m
Vilnius,Lazdynai,"Vilnius, Lazdynai, Architektų g., 4 rooms flat for rent",https://en.aruodas.lt/butu-nuoma-vilniuje-lazdynuose-architektu-g-nuomojame-keturiu-kambariu-buta-lazdynuose-4-1105779/,106,,80 m²,400 €,4,5,5,"1971 construction, 2005 renovation",Block house,Central,,70 m,240 m,230 m,200 m
Vilnius,Visoriai,"Vilnius, Visoriai, Visorių g., 1 room flat for rent",https://en.aruodas.lt/butu-nuoma-vilniuje-visoriuose-visoriu-g-nuomojamas-labai-ekonomiskas-jaukus-ir-4-1105771/,6,,45 m²,530 €,1,5,5,2000,Brick,Gas,,430 m,350 m,200 m,200 m
Vilnius,Pašilaičiai,"Vilnius, Pašilaičiai, Laisvės pr., 4 rooms flat for rent",https://en.aruodas.lt/butu-nuoma-vilniuje-pasilaiciuose-laisves-pr-nuomojamas-erdvus-dvieju-aukstu-4-kambariu-4-1026741/,87A,,93 m²,650 €,4,5,5,1998,Brick,Central,1 Class Good (1-3),200 m,100 m,290 m,260 m
Vilnius,Pilaitė,"Vilnius, Pilaitė, M. Mažvydo g., 1 room flat for rent",https://en.aruodas.lt/butu-nuoma-vilniuje-pilaiteje-m-mazvydo-g-irengtas-1-kambario-butas-pilaiteje-4-1105767/,5,,42 m²,470 €,1,2,5,2008,Block house,Central thermostat,1 Class Good (1-3),140 m,640 m,150 m,280 m
Vilnius,Šnipiškės,"Vilnius, Šnipiškės, Kalvarijų g., 1 room flat for rent",https://en.aruodas.lt/butu-nuoma-vilniuje-snipiskese-kalvariju-g-1-kamb-buto-nuoma-isnuomojamas-1-k-butas-4-1105765/,184,,20 m²,400 €,1,1,9,1979,Brick,Central,1 Class Good (1-3),40 m,230 m,300 m,220 m
Vilnius,Naujamiestis,"Vilnius, Naujamiestis, Vinco Kudirkos g., 3 rooms flat for rent",https://en.aruodas.lt/butu-nuoma-vilniuje-naujamiestyje-vinco-kudirkos-g-isnuomojamas-erdvus-ant-tauro-kalno-esantis-3-4-1105741/,18B,,98 m²,750 €,3,3,5,2001,Brick,Gas,,160 m,320 m,410 m,330 m
Vilnius,Žvėrynas,"Vilnius, Žvėrynas, Sakalų g., 2 rooms flat for rent",https://en.aruodas.lt/butu-nuoma-vilniuje-zveryne-sakalu-g-isnuomojamas-jaukus-butas-su-baldais-buitine-4-1105731/,,,49 m²,650 €,2,3,4,2000,Brick,Electric,,130 m,320 m,160 m,100 m
Vilnius,Žirmūnai,"Vilnius, Žirmūnai, Žirmūnų g., Room rent",https://en.aruodas.lt/butu-nuoma-vilniuje-zirmunuose-zirmunu-g-ramioje-vietoje-keturiu-kambariu-bute-4-1105717/,78,,18 m²,150 €,1,4,5,"1968 construction, 2014 renovation",Block house,Central,1 Class Good (1-3),90 m,430 m,150 m,220 m
Vilnius,Karoliniškės,"Vilnius, Karoliniškės, Virginijaus Druskio g., 2 rooms flat for rent",https://en.aruodas.lt/butu-nuoma-vilniuje-karoliniskese-virginijaus-druskio-g-2-atskiru-kambariu-buto-nuoma-karoliniskese-4-634961/,6,,47 m²,420 €,2,2,5,1974,Block house,Central,,220 m,200 m,200 m,230 m
Vilnius,Žirmūnai,"Vilnius, Žirmūnai, Žirmūnų g., 3 rooms flat for rent",https://en.aruodas.lt/butu-nuoma-vilniuje-zirmunuose-zirmunu-g-4-1105687/,30C,,78 m²,930 €,3,1,5,2008,Brick,Central thermostat,1 Class Good (1-3),130 m,140 m,430 m,350 m
Vilnius,Lazdynėliai,"Vilnius, Lazdynėliai, Pažagiškių g., 1 room flat for rent",https://en.aruodas.lt/butu-nuoma-vilniuje-lazdyneliuose-pazagiskiu-g-nuosavo-namo-antrame-aukste-isnuomojamas-4-1105683/,,,35 m²,400 €,1,2,2,2000,Brick,Central,,710 m,2 km,770 m,600 m
Vilnius,Antakalnis,"Vilnius, Antakalnis, Jūratės g., 1 room flat for rent",https://en.aruodas.lt/butu-nuoma-vilniuje-antakalnyje-jurates-g-naujai-irengtas-lofto-tipo-butas-antakalnyje-4-1105679/,,,"33,5 m²",525 €,1,2,2,"1930 construction, 2020 renovation",Wooden house,Electric,,50 m,440 m,710 m,410 m
Vilnius,Antakalnis,"Vilnius, Antakalnis, P. Vileišio g., 2 rooms flat for rent",https://en.aruodas.lt/butu-nuoma-vilniuje-antakalnyje-p-vileisio-g-nuomojamas-suremontuotas-sviesus-ir-jaukus-4-1105667/,31,,46 m²,570 €,2,3,5,1964,Block house,Central,1 Class Good (1-3),130 m,300 m,120 m,220 m
